,Unnamed: 0,Index,Baseline,Advanced
0,1,1,1,1
1,2,2,1,1
2,3,3,1,1
3,4,4,1,1
4,5,5,1,1
5,6,6,1,1
6,7,7,1,1
7,8,8,1,1
8,9,9,1,1
9,10,10,10,1
10,11,11,1,1
11,12,12,1,1
12,13,13,1,1
13,14,14,16,1
14,15,15,1,1
15,16,16,1,1
16,17,17,1,1
17,18,18,1,1
18,19,19,1,1
19,20,20,1,1
20,21,21,1,1
21,22,22,1,1
22,23,23,1,1
23,24,24,1,1
24,25,25,1,1
25,26,26,1,1
26,27,27,1,1
27,28,28,1,1
28,29,29,1,1
29,30,30,3,1
30,31,31,1,1
31,32,32,1,1
32,33,33,1,1
33,34,34,1,1
34,35,35,1,1
35,36,36,1,1
36,37,37,1,1
37,38,38,1,1
38,39,39,1,1
39,40,40,1,1
40,41,41,3,1
41,42,42,1,1
42,43,43,1,1
43,44,44,1,1
44,45,45,1,1
45,46,46,1,1
46,47,47,1,1
47,48,48,1,1
48,49,49,1,1
49,50,50,1,1
50,51,51,1,1
51,52,52,1,1
52,53,53,1,1
53,54,54,1,1
54,55,55,1,1
55,56,56,1,1
56,57,57,1,1
57,58,58,4,1
58,59,59,1,1
59,60,60,1,1
60,61,61,1,1
61,62,62,1,1
62,63,63,1,1
63,64,64,1,1
64,65,65,1,1
65,66,66,1,1
66,67,67,1,1
67,68,68,1,1
68,69,69,1,1
69,70,70,1,1
70,71,71,1,1
71,72,72,16,1
72,73,73,5,1
73,74,74,1,1
74,75,75,16,1
75,76,76,16,1
76,77,77,1,1
77,78,78,1,1
78,79,79,1,1
79,80,80,1,1
80,81,81,4,1
81,82,82,1,1
82,83,83,1,1
83,84,84,1,1
84,85,85,1,1
85,86,86,1,1
86,87,87,1,1
87,88,88,1,1
88,89,89,1,1
89,90,90,1,1
90,91,91,10,1
91,92,92,1,1
92,93,93,1,1
93,94,94,1,1
94,95,95,1,1
95,96,96,1,1
96,97,97,1,1
97,98,98,1,1
98,99,99,1,1
99,100,100,1,1
100,101,101,1,1
101,102,102,1,1
102,103,103,1,1
103,104,104,1,1
104,105,105,1,1
105,106,106,1,1
106,107,107,10,1
107,108,108,1,1
108,109,109,1,1
109,110,110,1,1
110,111,111,4,1
111,112,112,1,1
112,113,113,2,2
113,114,114,2,2
114,115,115,2,2
115,116,116,2,2
116,117,117,2,2
117,118,118,2,2
118,119,119,2,2
119,120,120,2,2
120,121,121,2,2
121,122,122,2,2
122,123,123,2,2
123,124,124,2,2
124,125,125,2,2
125,126,126,2,2
126,127,127,2,2
127,128,128,9,2
128,129,129,2,2
129,130,130,2,2
130,131,131,2,2
131,132,132,2,2
132,133,133,2,2
133,134,134,2,2
134,135,135,2,2
135,136,136,9,2
136,137,137,2,2
137,138,138,2,2
138,139,139,2,2
139,140,140,9,2
140,141,141,2,2
141,142,142,2,2
142,143,143,2,2
143,144,144,2,2
144,145,145,2,2
145,146,146,2,2
146,147,147,9,2
147,148,148,2,2
148,149,149,2,2
149,150,150,2,2
150,151,151,2,2
151,152,152,2,2
152,153,153,8,2
153,154,154,2,2
154,155,155,9,2
155,156,156,9,2
156,157,157,2,2
157,158,158,2,2
158,159,159,9,2
159,160,160,8,2
160,161,161,2,2
161,162,162,2,2
162,163,163,2,2
163,164,164,2,2
164,165,165,2,2
165,166,166,2,2
166,167,167,2,2
167,168,168,2,2
168,169,169,20,2
169,170,170,2,2
170,171,171,2,2
171,172,172,2,2
172,173,173,2,2
173,174,174,2,2
174,175,175,8,2
175,176,176,2,2
176,177,177,2,2
177,178,178,2,2
178,179,179,2,2
179,180,180,2,2
180,181,181,2,2
181,182,182,2,2
182,183,183,2,2
183,184,184,8,2
184,185,185,2,2
185,186,186,2,2
186,187,187,2,2
187,188,188,2,2
188,189,189,2,2
189,190,190,20,2
190,191,191,9,2
191,192,192,2,2
192,193,193,2,2
193,194,194,2,2
194,195,195,2,2
195,196,196,2,2
196,197,197,2,2
197,198,198,2,2
198,199,199,2,2
199,200,200,2,2
200,201,201,2,2
201,202,202,2,2
202,203,203,2,2
203,204,204,2,2
204,205,205,20,2
205,206,206,2,2
206,207,207,2,2
207,208,208,2,2
208,209,209,2,2
209,210,210,2,2
210,211,211,2,2
211,212,212,2,2
212,213,213,2,2
213,214,214,2,2
214,215,215,2,2
215,216,216,2,2
216,217,217,2,2
217,218,218,2,2
218,219,219,2,2
219,220,220,9,2
220,221,221,2,2
221,222,222,2,2
222,223,223,2,2
223,224,224,2,2
224,225,225,2,2
225,226,226,2,2
226,227,227,3,3
227,228,228,3,3
228,229,229,3,3
229,230,230,3,3
230,231,231,3,3
231,232,232,3,3
232,233,233,3,3
233,234,234,3,3
234,235,235,3,3
235,236,236,3,3
236,237,237,3,3
237,238,238,3,3
238,239,239,3,3
239,240,240,3,3
240,241,241,3,3
241,242,242,3,3
242,243,243,3,3
243,244,244,3,3
244,245,245,3,3
245,246,246,3,3
246,247,247,3,3
247,248,248,3,3
248,249,249,3,3
249,250,250,3,3
250,251,251,10,3
251,252,252,3,3
252,253,253,3,3
253,254,254,3,3
254,255,255,3,3
255,256,256,3,3
256,257,257,3,3
257,258,258,3,3
258,259,259,3,3
259,260,260,3,3
260,261,261,3,3
261,262,262,3,3
262,263,263,3,3
263,264,264,4,3
264,265,265,4,3
265,266,266,3,3
266,267,267,1,3
267,268,268,3,3
268,269,269,3,3
269,270,270,1,3
270,271,271,3,3
271,272,272,3,3
272,273,273,3,3
273,274,274,1,3
274,275,275,3,3
275,276,276,3,3
276,277,277,3,3
277,278,278,3,3
278,279,279,3,3
279,280,280,3,3
280,281,281,3,3
281,282,282,3,3
282,283,283,3,3
283,284,284,3,3
284,285,285,3,3
285,286,286,1,3
286,287,287,3,3
287,288,288,3,3
288,289,289,3,3
289,290,290,1,3
290,291,291,3,3
291,292,292,16,3
292,293,293,3,3
293,294,294,4,3
294,295,295,3,3
295,296,296,3,3
296,297,297,3,3
297,298,298,3,3
298,299,299,3,3
299,300,300,6,3
300,301,301,3,3
301,302,302,3,3
302,303,303,13,3
303,304,304,22,3
304,305,305,3,3
305,306,306,3,3
306,307,307,3,3
307,308,308,4,3
308,309,309,3,3
309,310,310,3,3
310,311,311,3,3
311,312,312,3,3
312,313,313,3,3
313,314,314,3,3
314,315,315,3,3
315,316,316,3,3
316,317,317,10,3
317,318,318,4,3
318,319,319,3,3
319,320,320,3,3
320,321,321,4,3
321,322,322,1,3
322,323,323,3,3
323,324,324,3,3
324,325,325,10,3
325,326,326,3,3
326,327,327,3,3
327,328,328,3,3
328,329,329,3,3
329,330,330,3,3
330,331,331,16,3
331,332,332,3,3
332,333,333,3,3
333,334,334,3,3
334,335,335,3,3
335,336,336,3,3
336,337,337,3,3
337,338,338,3,3
338,339,339,3,3
339,340,340,3,3
340,341,341,3,3
341,342,342,3,3
342,343,343,3,3
343,344,344,3,3
344,345,345,3,3
345,346,346,6,3
346,347,347,3,3
347,348,348,3,3
348,349,349,1,3
349,350,350,3,3
350,351,351,19,3
351,352,352,1,3
352,353,353,22,3
353,354,354,3,3
354,355,355,3,3
355,356,356,3,3
356,357,357,3,3
357,358,358,3,3
358,359,359,10,3
359,360,360,12,3
360,361,361,3,3
361,362,362,4,4
362,363,363,4,4
363,364,364,4,4
364,365,365,4,4
365,366,366,4,4
366,367,367,4,4
367,368,368,4,4
368,369,369,4,4
369,370,370,4,4
370,371,371,4,4
371,372,372,4,4
372,373,373,4,4
373,374,374,4,4
374,375,375,4,4
375,376,376,4,4
376,377,377,4,4
377,378,378,4,4
378,379,379,4,4
379,380,380,4,4
380,381,381,4,4
381,382,382,4,4
382,383,383,4,4
383,384,384,7,4
384,385,385,4,4
385,386,386,4,4
386,387,387,4,4
387,388,388,4,4
388,389,389,6,4
389,390,390,4,4
390,391,391,3,4
391,392,392,4,4
392,393,393,4,4
393,394,394,4,4
394,395,395,4,4
395,396,396,4,4
396,397,397,4,4
397,398,398,4,4
398,399,399,4,4
399,400,400,4,4
400,401,401,4,4
401,402,402,4,4
402,403,403,4,4
403,404,404,4,4
404,405,405,4,4
405,406,406,4,4
406,407,407,4,4
407,408,408,4,4
408,409,409,4,4
409,410,410,4,4
410,411,411,12,4
411,412,412,4,4
412,413,413,4,4
413,414,414,6,4
414,415,415,4,4
415,416,416,4,4
416,417,417,4,4
417,418,418,4,4
418,419,419,4,4
419,420,420,13,4
420,421,421,13,4
421,422,422,4,4
422,423,423,4,4
423,424,424,11,4
424,425,425,10,4
425,426,426,4,4
426,427,427,4,4
427,428,428,11,4
428,429,429,22,4
429,430,430,10,4
430,431,431,4,4
431,432,432,13,4
432,433,433,4,4
433,434,434,4,4
434,435,435,4,4
435,436,436,4,4
436,437,437,4,4
437,438,438,4,4
438,439,439,10,4
439,440,440,4,4
440,441,441,4,4
441,442,442,4,4
442,443,443,4,4
443,444,444,4,4
444,445,445,4,4
445,446,446,4,4
446,447,447,4,4
447,448,448,6,4
448,449,449,22,4
449,450,450,4,4
450,451,451,4,4
451,452,452,4,4
452,453,453,11,4
453,454,454,11,4
454,455,455,4,4
455,456,456,4,4
456,457,457,10,4
457,458,458,11,4
458,459,459,1,4
459,460,460,4,4
460,461,461,4,4
461,462,462,4,4
462,463,463,13,4
463,464,464,4,4
464,465,465,4,4
465,466,466,4,4
466,467,467,3,4
467,468,468,4,4
468,469,469,4,4
469,470,470,13,4
470,471,471,10,4
471,472,472,4,4
472,473,473,4,4
473,474,474,4,4
474,475,475,4,4
475,476,476,3,4
476,477,477,1,4
477,478,478,4,4
478,479,479,4,4
479,480,480,5,5
480,481,481,5,5
481,482,482,17,5
482,483,483,5,5
483,484,484,5,5
484,485,485,5,5
485,486,486,5,5
486,487,487,7,5
487,488,488,5,5
488,489,489,5,5
489,490,490,5,5
490,491,491,5,5
491,492,492,5,5
492,493,493,5,5
493,494,494,5,5
494,495,495,5,5
495,496,496,5,5
496,497,497,5,5
497,498,498,5,5
498,499,499,5,5
499,500,500,5,5
500,501,501,5,5
501,502,502,5,5
502,503,503,5,5
503,504,504,5,5
504,505,505,5,5
505,506,506,5,5
506,507,507,5,5
507,508,508,5,5
508,509,509,7,5
509,510,510,5,5
510,511,511,7,5
511,512,512,7,5
512,513,513,5,5
513,514,514,5,5
514,515,515,5,5
515,516,516,5,5
516,517,517,5,5
517,518,518,5,5
518,519,519,5,5
519,520,520,5,5
520,521,521,5,5
521,522,522,15,5
522,523,523,5,5
523,524,524,5,5
524,525,525,5,5
525,526,526,5,5
526,527,527,5,5
527,528,528,5,5
528,529,529,5,5
529,530,530,5,5
530,531,531,18,5
531,532,532,5,5
532,533,533,5,5
533,534,534,5,5
534,535,535,5,5
535,536,536,5,5
536,537,537,5,5
537,538,538,5,5
538,539,539,5,5
539,540,540,5,5
540,541,541,5,5
541,542,542,17,5
542,543,543,5,5
543,544,544,5,5
544,545,545,5,5
545,546,546,5,5
546,547,547,5,5
547,548,548,5,5
548,549,549,5,5
549,550,550,5,5
550,551,551,5,5
551,552,552,18,5
552,553,553,5,5
553,554,554,5,5
554,555,555,5,5
555,556,556,5,5
556,557,557,5,5
557,558,558,5,5
558,559,559,5,5
559,560,560,5,5
560,561,561,21,5
561,562,562,5,5
562,563,563,18,5
563,564,564,5,5
564,565,565,14,5
565,566,566,17,5
566,567,567,5,5
567,568,568,5,5
568,569,569,5,5
569,570,570,18,5
570,571,571,5,5
571,572,572,5,5
572,573,573,5,5
573,574,574,5,5
574,575,575,5,5
575,576,576,5,5
576,577,577,5,5
577,578,578,5,5
578,579,579,5,5
579,580,580,14,5
580,581,581,5,5
581,582,582,5,5
582,583,583,17,5
583,584,584,5,5
584,585,585,15,5
585,586,586,5,5
586,587,587,18,5
587,588,588,18,5
588,589,589,6,6
589,590,590,6,6
590,591,591,6,6
591,592,592,6,6
592,593,593,6,6
593,594,594,6,6
594,595,595,6,6
595,596,596,6,6
596,597,597,6,6
597,598,598,6,6
598,599,599,6,6
599,600,600,6,6
600,601,601,6,6
601,602,602,6,6
602,603,603,6,6
603,604,604,6,6
604,605,605,6,6
605,606,606,6,6
606,607,607,6,6
607,608,608,6,6
608,609,609,6,6
609,610,610,6,6
610,611,611,6,6
611,612,612,6,6
612,613,613,6,6
613,614,614,6,6
614,615,615,6,6
615,616,616,6,6
616,617,617,6,6
617,618,618,6,6
618,619,619,6,6
619,620,620,21,6
620,621,621,6,6
621,622,622,6,6
622,623,623,21,6
623,624,624,6,6
624,625,625,20,6
625,626,626,6,6
626,627,627,6,6
627,628,628,6,6
628,629,629,6,6
629,630,630,6,6
630,631,631,6,6
631,632,632,6,6
632,633,633,6,6
633,634,634,6,6
634,635,635,6,6
635,636,636,12,6
636,637,637,3,6
637,638,638,6,6
638,639,639,6,6
639,640,640,6,6
640,641,641,12,6
641,642,642,10,6
642,643,643,6,6
643,644,644,6,6
644,645,645,12,6
645,646,646,6,6
646,647,647,6,6
647,648,648,6,6
648,649,649,6,6
649,650,650,6,6
650,651,651,14,6
651,652,652,6,6
652,653,653,6,6
653,654,654,14,6
654,655,655,6,6
655,656,656,6,6
656,657,657,6,6
657,658,658,3,6
658,659,659,6,6
659,660,660,6,6
660,661,661,6,6
661,662,662,6,6
662,663,663,6,6
663,664,664,6,6
664,665,665,21,6
665,666,666,6,6
666,667,667,12,6
667,668,668,12,6
668,669,669,6,6
669,670,670,6,6
670,671,671,6,6
671,672,672,16,6
672,673,673,6,6
673,674,674,22,6
674,675,675,10,6
675,676,676,6,6
676,677,677,11,6
677,678,678,6,6
678,679,679,6,6
679,680,680,6,6
680,681,681,6,6
681,682,682,16,6
682,683,683,12,6
683,684,684,6,6
684,685,685,11,6
685,686,686,12,6
686,687,687,6,6
687,688,688,6,6
688,689,689,6,6
689,690,690,6,6
690,691,691,6,6
691,692,692,16,6
692,693,693,7,7
693,694,694,8,7
694,695,695,7,7
695,696,696,7,7
696,697,697,7,7
697,698,698,7,7
698,699,699,7,7
699,700,700,7,7
700,701,701,7,7
701,702,702,7,7
702,703,703,7,7
703,704,704,7,7
704,705,705,7,7
705,706,706,7,7
706,707,707,20,7
707,708,708,7,7
708,709,709,7,7
709,710,710,7,7
710,711,711,5,7
711,712,712,7,7
712,713,713,7,7
713,714,714,7,7
714,715,715,7,7
715,716,716,7,7
716,717,717,7,7
717,718,718,7,7
718,719,719,7,7
719,720,720,18,7
720,721,721,7,7
721,722,722,7,7
722,723,723,17,7
723,724,724,6,7
724,725,725,7,7
725,726,726,7,7
726,727,727,20,7
727,728,728,7,7
728,729,729,7,7
729,730,730,7,7
730,731,731,7,7
731,732,732,7,7
732,733,733,7,7
733,734,734,7,7
734,735,735,7,7
735,736,736,7,7
736,737,737,7,7
737,738,738,7,7
738,739,739,21,7
739,740,740,21,7
740,741,741,7,7
741,742,742,7,7
742,743,743,16,7
743,744,744,17,7
744,745,745,7,7
745,746,746,7,7
746,747,747,7,7
747,748,748,7,7
748,749,749,7,7
749,750,750,7,7
750,751,751,7,7
751,752,752,21,7
752,753,753,7,7
753,754,754,7,7
754,755,755,7,7
755,756,756,7,7
756,757,757,7,7
757,758,758,7,7
758,759,759,7,7
759,760,760,7,7
760,761,761,20,7
761,762,762,19,7
762,763,763,22,7
763,764,764,7,7
764,765,765,17,7
765,766,766,8,7
766,767,767,2,7
767,768,768,7,7
768,769,769,7,7
769,770,770,7,7
770,771,771,7,7
771,772,772,21,7
772,773,773,7,7
773,774,774,7,7
774,775,775,5,7
775,776,776,7,7
776,777,777,7,7
777,778,778,7,7
778,779,779,7,7
779,780,780,7,7
780,781,781,7,7
781,782,782,7,7
782,783,783,19,7
783,784,784,21,7
784,785,785,8,7
785,786,786,14,7
786,787,787,18,7
787,788,788,19,7
788,789,789,14,7
789,790,790,7,7
790,791,791,7,7
791,792,792,7,7
792,793,793,19,7
793,794,794,7,7
794,795,795,19,7
795,796,796,7,7
796,797,797,7,7
797,798,798,21,7
798,799,799,17,7
799,800,800,14,7
800,801,801,7,7
801,802,802,16,7
802,803,803,7,7
803,804,804,5,7
804,805,805,19,7
805,806,806,7,7
806,807,807,8,8
807,808,808,8,8
808,809,809,8,8
809,810,810,8,8
810,811,811,8,8
811,812,812,8,8
812,813,813,8,8
813,814,814,8,8
814,815,815,8,8
815,816,816,8,8
816,817,817,8,8
817,818,818,8,8
818,819,819,8,8
819,820,820,8,8
820,821,821,8,8
821,822,822,8,8
822,823,823,8,8
823,824,824,8,8
824,825,825,8,8
825,826,826,8,8
826,827,827,8,8
827,828,828,8,8
828,829,829,8,8
829,830,830,8,8
830,831,831,8,8
831,832,832,8,8
832,833,833,8,8
833,834,834,8,8
834,835,835,8,8
835,836,836,8,8
836,837,837,8,8
837,838,838,8,8
838,839,839,8,8
839,840,840,8,8
840,841,841,8,8
841,842,842,8,8
842,843,843,20,8
843,844,844,8,8
844,845,845,8,8
845,846,846,8,8
846,847,847,8,8
847,848,848,8,8
848,849,849,8,8
849,850,850,8,8
850,851,851,8,8
851,852,852,8,8
852,853,853,8,8
853,854,854,8,8
854,855,855,8,8
855,856,856,8,8
856,857,857,8,8
857,858,858,8,8
858,859,859,8,8
859,860,860,8,8
860,861,861,8,8
861,862,862,8,8
862,863,863,8,8
863,864,864,8,8
864,865,865,8,8
865,866,866,8,8
866,867,867,8,8
867,868,868,8,8
868,869,869,8,8
869,870,870,8,8
870,871,871,8,8
871,872,872,8,8
872,873,873,8,8
873,874,874,8,8
874,875,875,8,8
875,876,876,8,8
876,877,877,20,8
877,878,878,8,8
878,879,879,8,8
879,880,880,8,8
880,881,881,8,8
881,882,882,5,8
882,883,883,8,8
883,884,884,8,8
884,885,885,2,8
885,886,886,8,8
886,887,887,17,8
887,888,888,8,8
888,889,889,8,8
889,890,890,8,8
890,891,891,8,8
891,892,892,8,8
892,893,893,2,8
893,894,894,8,8
894,895,895,8,8
895,896,896,8,8
896,897,897,2,8
897,898,898,2,8
898,899,899,8,8
899,900,900,17,8
900,901,901,8,8
901,902,902,2,8
902,903,903,8,8
903,904,904,8,8
904,905,905,2,8
905,906,906,8,8
906,907,907,8,8
907,908,908,8,8
908,909,909,8,8
909,910,910,8,8
910,911,911,8,8
911,912,912,2,8
912,913,913,8,8
913,914,914,8,8
914,915,915,8,8
915,916,916,8,8
916,917,917,8,8
917,918,918,8,8
918,919,919,8,8
919,920,920,8,8
920,921,921,8,8
921,922,922,17,8
922,923,923,8,8
923,924,924,8,8
924,925,925,8,8
925,926,926,8,8
926,927,927,9,9
927,928,928,9,9
928,929,929,2,9
929,930,930,9,9
930,931,931,8,9
931,932,932,9,9
932,933,933,9,9
933,934,934,8,9
934,935,935,9,9
935,936,936,9,9
936,937,937,9,9
937,938,938,9,9
938,939,939,9,9
939,940,940,9,9
940,941,941,9,9
941,942,942,20,9
942,943,943,9,9
943,944,944,9,9
944,945,945,9,9
945,946,946,2,9
946,947,947,9,9
947,948,948,9,9
948,949,949,9,9
949,950,950,9,9
950,951,951,9,9
951,952,952,9,9
952,953,953,21,9
953,954,954,9,9
954,955,955,9,9
955,956,956,9,9
956,957,957,9,9
957,958,958,9,9
958,959,959,9,9
959,960,960,2,9
960,961,961,10,9
961,962,962,9,9
962,963,963,9,9
963,964,964,8,9
964,965,965,9,9
965,966,966,9,9
966,967,967,9,9
967,968,968,9,9
968,969,969,9,9
969,970,970,9,9
970,971,971,9,9
971,972,972,9,9
972,973,973,9,9
973,974,974,9,9
974,975,975,21,9
975,976,976,9,9
976,977,977,9,9
977,978,978,9,9
978,979,979,9,9
979,980,980,9,9
980,981,981,2,9
981,982,982,9,9
982,983,983,9,9
983,984,984,9,9
984,985,985,6,9
985,986,986,9,9
986,987,987,9,9
987,988,988,9,9
988,989,989,9,9
989,990,990,9,9
990,991,991,9,9
991,992,992,9,9
992,993,993,9,9
993,994,994,6,9
994,995,995,9,9
995,996,996,9,9
996,997,997,9,9
997,998,998,8,9
998,999,999,9,9
999,1000,1000,9,9
1000,1001,1001,9,9
1001,1002,1002,9,9
1002,1003,1003,9,9
1003,1004,1004,9,9
1004,1005,1005,9,9
1005,1006,1006,9,9
1006,1007,1007,9,9
1007,1008,1008,9,9
1008,1009,1009,9,9
1009,1010,1010,9,9
1010,1011,1011,9,9
1011,1012,1012,21,9
1012,1013,1013,9,9
1013,1014,1014,9,9
1014,1015,1015,9,9
1015,1016,1016,9,9
1016,1017,1017,9,9
1017,1018,1018,9,9
1018,1019,1019,9,9
1019,1020,1020,9,9
1020,1021,1021,9,9
1021,1022,1022,9,9
1022,1023,1023,9,9
1023,1024,1024,9,9
1024,1025,1025,9,9
1025,1026,1026,9,9
1026,1027,1027,9,9
1027,1028,1028,20,9
1028,1029,1029,20,9
1029,1030,1030,9,9
1030,1031,1031,9,9
1031,1032,1032,9,9
1032,1033,1033,9,9
1033,1034,1034,2,9
1034,1035,1035,2,9
1035,1036,1036,10,10
1036,1037,1037,10,10
1037,1038,1038,10,10
1038,1039,1039,10,10
1039,1040,1040,10,10
1040,1041,1041,10,10
1041,1042,1042,10,10
1042,1043,1043,10,10
1043,1044,1044,10,10
1044,1045,1045,10,10
1045,1046,1046,10,10
1046,1047,1047,10,10
1047,1048,1048,10,10
1048,1049,1049,10,10
1049,1050,1050,10,10
1050,1051,1051,10,10
1051,1052,1052,10,10
1052,1053,1053,3,10
1053,1054,1054,10,10
1054,1055,1055,10,10
1055,1056,1056,10,10
1056,1057,1057,10,10
1057,1058,1058,10,10
1058,1059,1059,10,10
1059,1060,1060,3,10
1060,1061,1061,10,10
1061,1062,1062,10,10
1062,1063,1063,10,10
1063,1064,1064,10,10
1064,1065,1065,10,10
1065,1066,1066,3,10
1066,1067,1067,10,10
1067,1068,1068,3,10
1068,1069,1069,10,10
1069,1070,1070,10,10
1070,1071,1071,10,10
1071,1072,1072,10,10
1072,1073,1073,1,10
1073,1074,1074,3,10
1074,1075,1075,10,10
1075,1076,1076,3,10
1076,1077,1077,10,10
1077,1078,1078,3,10
1078,1079,1079,10,10
1079,1080,1080,10,10
1080,1081,1081,10,10
1081,1082,1082,12,10
1082,1083,1083,10,10
1083,1084,1084,10,10
1084,1085,1085,10,10
1085,1086,1086,10,10
1086,1087,1087,10,10
1087,1088,1088,10,10
1088,1089,1089,10,10
1089,1090,1090,6,10
1090,1091,1091,10,10
1091,1092,1092,4,10
1092,1093,1093,10,10
1093,1094,1094,10,10
1094,1095,1095,10,10
1095,1096,1096,10,10
1096,1097,1097,10,10
1097,1098,1098,11,10
1098,1099,1099,3,10
1099,1100,1100,1,10
1100,1101,1101,10,10
1101,1102,1102,12,10
1102,1103,1103,4,10
1103,1104,1104,10,10
1104,1105,1105,10,10
1105,1106,1106,10,10
1106,1107,1107,3,10
1107,1108,1108,6,10
1108,1109,1109,21,10
1109,1110,1110,10,10
1110,1111,1111,4,10
1111,1112,1112,10,10
1112,1113,1113,3,10
1113,1114,1114,10,10
1114,1115,1115,10,10
1115,1116,1116,10,10
1116,1117,1117,10,10
1117,1118,1118,4,10
1118,1119,1119,13,10
1119,1120,1120,13,10
1120,1121,1121,3,10
1121,1122,1122,10,10
1122,1123,1123,4,10
1123,1124,1124,13,10
1124,1125,1125,10,10
1125,1126,1126,1,10
1126,1127,1127,10,10
1127,1128,1128,10,10
1128,1129,1129,22,10
1129,1130,1130,13,10
1130,1131,1131,4,10
1131,1132,1132,10,10
1132,1133,1133,11,10
1133,1134,1134,21,10
1134,1135,1135,13,10
1135,1136,1136,11,10
1136,1137,1137,22,10
1137,1138,1138,3,10
1138,1139,1139,10,10
1139,1140,1140,10,10
1140,1141,1141,4,10
1141,1142,1142,10,10
1142,1143,1143,10,11
1143,1144,1144,11,11
1144,1145,1145,11,11
1145,1146,1146,11,11
1146,1147,1147,10,11
1147,1148,1148,12,11
1148,1149,1149,11,11
1149,1150,1150,11,11
1150,1151,1151,13,11
1151,1152,1152,11,11
1152,1153,1153,11,11
1153,1154,1154,11,11
1154,1155,1155,11,11
1155,1156,1156,3,11
1156,1157,1157,12,11
1157,1158,1158,11,11
1158,1159,1159,11,11
1159,1160,1160,11,11
1160,1161,1161,11,11
1161,1162,1162,11,11
1162,1163,1163,11,11
1163,1164,1164,11,11
1164,1165,1165,11,11
1165,1166,1166,11,11
1166,1167,1167,11,11
1167,1168,1168,11,11
1168,1169,1169,11,11
1169,1170,1170,13,11
1170,1171,1171,11,11
1171,1172,1172,11,11
1172,1173,1173,11,11
1173,1174,1174,11,11
1174,1175,1175,11,11
1175,1176,1176,11,11
1176,1177,1177,11,11
1177,1178,1178,11,11
1178,1179,1179,11,11
1179,1180,1180,11,11
1180,1181,1181,11,11
1181,1182,1182,11,11
1182,1183,1183,11,11
1183,1184,1184,11,11
1184,1185,1185,11,11
1185,1186,1186,11,11
1186,1187,1187,11,11
1187,1188,1188,11,11
1188,1189,1189,11,11
1189,1190,1190,11,11
1190,1191,1191,11,11
1191,1192,1192,11,11
1192,1193,1193,11,11
1193,1194,1194,11,11
1194,1195,1195,11,11
1195,1196,1196,11,11
1196,1197,1197,11,11
1197,1198,1198,11,11
1198,1199,1199,11,11
1199,1200,1200,11,11
1200,1201,1201,6,11
1201,1202,1202,11,11
1202,1203,1203,3,11
1203,1204,1204,6,11
1204,1205,1205,6,11
1205,1206,1206,11,11
1206,1207,1207,11,11
1207,1208,1208,11,11
1208,1209,1209,4,11
1209,1210,1210,11,11
1210,1211,1211,11,11
1211,1212,1212,3,11
1212,1213,1213,11,11
1213,1214,1214,11,11
1214,1215,1215,11,11
1215,1216,1216,6,11
1216,1217,1217,11,11
1217,1218,1218,11,11
1218,1219,1219,11,11
1219,1220,1220,6,11
1220,1221,1221,11,11
1221,1222,1222,6,11
1222,1223,1223,11,11
1223,1224,1224,11,11
1224,1225,1225,11,11
1225,1226,1226,11,11
1226,1227,1227,11,11
1227,1228,1228,10,11
1228,1229,1229,11,11
1229,1230,1230,4,11
1230,1231,1231,11,11
1231,1232,1232,12,11
1232,1233,1233,11,11
1233,1234,1234,10,11
1234,1235,1235,11,11
1235,1236,1236,11,11
1236,1237,1237,12,11
1237,1238,1238,11,11
1238,1239,1239,1,11
1239,1240,1240,11,11
1240,1241,1241,4,11
1241,1242,1242,3,11
1242,1243,1243,4,11
1243,1244,1244,11,11
1244,1245,1245,11,11
1245,1246,1246,11,11
1246,1247,1247,11,11
1247,1248,1248,11,11
1248,1249,1249,11,11
1249,1250,1250,11,11
1250,1251,1251,11,11
1251,1252,1252,4,11
1252,1253,1253,11,11
1253,1254,1254,11,11
1254,1255,1255,21,11
1255,1256,1256,11,11
1256,1257,1257,6,11
1257,1258,1258,10,11
1258,1259,1259,11,11
1259,1260,1260,1,11
1260,1261,1261,11,11
1261,1262,1262,11,11
1262,1263,1263,6,11
1263,1264,1264,4,11
1264,1265,1265,11,11
1265,1266,1266,12,12
1266,1267,1267,12,12
1267,1268,1268,12,12
1268,1269,1269,12,12
1269,1270,1270,12,12
1270,1271,1271,12,12
1271,1272,1272,12,12
1272,1273,1273,11,12
1273,1274,1274,12,12
1274,1275,1275,12,12
1275,1276,1276,12,12
1276,1277,1277,4,12
1277,1278,1278,12,12
1278,1279,1279,12,12
1279,1280,1280,12,12
1280,1281,1281,12,12
1281,1282,1282,12,12
1282,1283,1283,1,12
1283,1284,1284,12,12
1284,1285,1285,12,12
1285,1286,1286,12,12
1286,1287,1287,12,12
1287,1288,1288,12,12
1288,1289,1289,12,12
1289,1290,1290,12,12
1290,1291,1291,12,12
1291,1292,1292,12,12
1292,1293,1293,12,12
1293,1294,1294,21,12
1294,1295,1295,12,12
1295,1296,1296,12,12
1296,1297,1297,4,12
1297,1298,1298,12,12
1298,1299,1299,16,12
1299,1300,1300,12,12
1300,1301,1301,10,12
1301,1302,1302,21,12
1302,1303,1303,12,12
1303,1304,1304,6,12
1304,1305,1305,4,12
1305,1306,1306,12,12
1306,1307,1307,12,12
1307,1308,1308,12,12
1308,1309,1309,13,12
1309,1310,1310,12,12
1310,1311,1311,12,12
1311,1312,1312,12,12
1312,1313,1313,12,12
1313,1314,1314,12,12
1314,1315,1315,12,12
1315,1316,1316,13,12
1316,1317,1317,12,12
1317,1318,1318,12,12
1318,1319,1319,12,12
1319,1320,1320,10,12
1320,1321,1321,12,12
1321,1322,1322,22,12
1322,1323,1323,12,12
1323,1324,1324,14,12
1324,1325,1325,22,12
1325,1326,1326,22,12
1326,1327,1327,12,12
1327,1328,1328,12,12
1328,1329,1329,11,12
1329,1330,1330,12,12
1330,1331,1331,12,12
1331,1332,1332,12,12
1332,1333,1333,12,12
1333,1334,1334,12,12
1334,1335,1335,22,12
1335,1336,1336,12,12
1336,1337,1337,12,12
1337,1338,1338,12,12
1338,1339,1339,12,12
1339,1340,1340,12,12
1340,1341,1341,13,12
1341,1342,1342,20,12
1342,1343,1343,13,12
1343,1344,1344,12,12
1344,1345,1345,12,12
1345,1346,1346,12,12
1346,1347,1347,12,12
1347,1348,1348,12,12
1348,1349,1349,6,12
1349,1350,1350,12,12
1350,1351,1351,16,12
1351,1352,1352,12,12
1352,1353,1353,22,12
1353,1354,1354,12,12
1354,1355,1355,12,12
1355,1356,1356,12,12
1356,1357,1357,12,12
1357,1358,1358,12,12
1358,1359,1359,12,12
1359,1360,1360,6,12
1360,1361,1361,10,12
1361,1362,1362,12,12
1362,1363,1363,12,12
1363,1364,1364,3,12
1364,1365,1365,12,12
1365,1366,1366,12,12
1366,1367,1367,12,12
1367,1368,1368,13,12
1368,1369,1369,12,12
1369,1370,1370,13,12
1370,1371,1371,12,12
1371,1372,1372,12,12
1372,1373,1373,6,12
1373,1374,1374,12,12
1374,1375,1375,12,12
1375,1376,1376,12,12
1376,1377,1377,12,12
1377,1378,1378,12,13
1378,1379,1379,1,13
1379,1380,1380,3,13
1380,1381,1381,13,13
1381,1382,1382,10,13
1382,1383,1383,12,13
1383,1384,1384,13,13
1384,1385,1385,16,13
1385,1386,1386,13,13
1386,1387,1387,4,13
1387,1388,1388,12,13
1388,1389,1389,11,13
1389,1390,1390,3,13
1390,1391,1391,10,13
1391,1392,1392,4,13
1392,1393,1393,13,13
1393,1394,1394,13,13
1394,1395,1395,13,13
1395,1396,1396,3,13
1396,1397,1397,10,13
1397,1398,1398,1,13
1398,1399,1399,13,13
1399,1400,1400,13,13
1400,1401,1401,4,13
1401,1402,1402,12,13
1402,1403,1403,13,13
1403,1404,1404,4,13
1404,1405,1405,13,13
1405,1406,1406,13,13
1406,1407,1407,12,13
1407,1408,1408,13,13
1408,1409,1409,13,13
1409,1410,1410,3,13
1410,1411,1411,4,13
1411,1412,1412,12,13
1412,1413,1413,13,13
1413,1414,1414,13,13
1414,1415,1415,13,13
1415,1416,1416,13,13
1416,1417,1417,13,13
1417,1418,1418,12,13
1418,1419,1419,20,13
1419,1420,1420,13,13
1420,1421,1421,3,13
1421,1422,1422,13,13
1422,1423,1423,12,13
1423,1424,1424,22,13
1424,1425,1425,10,13
1425,1426,1426,13,13
1426,1427,1427,20,13
1427,1428,1428,13,13
1428,1429,1429,10,13
1429,1430,1430,13,13
1430,1431,1431,13,13
1431,1432,1432,12,13
1432,1433,1433,22,13
1433,1434,1434,13,13
1434,1435,1435,11,13
1435,1436,1436,12,13
1436,1437,1437,13,13
1437,1438,1438,22,13
1438,1439,1439,13,13
1439,1440,1440,4,13
1440,1441,1441,13,13
1441,1442,1442,20,13
1442,1443,1443,13,13
1443,1444,1444,21,13
1444,1445,1445,13,13
1445,1446,1446,13,13
1446,1447,1447,13,13
1447,1448,1448,13,13
1448,1449,1449,10,13
1449,1450,1450,12,13
1450,1451,1451,13,13
1451,1452,1452,13,13
1452,1453,1453,13,13
1453,1454,1454,13,13
1454,1455,1455,13,13
1455,1456,1456,13,13
1456,1457,1457,9,13
1457,1458,1458,13,13
1458,1459,1459,4,13
1459,1460,1460,13,13
1460,1461,1461,21,13
1461,1462,1462,13,13
1462,1463,1463,10,13
1463,1464,1464,13,13
1464,1465,1465,13,13
1465,1466,1466,13,13
1466,1467,1467,13,13
1467,1468,1468,13,13
1468,1469,1469,12,13
1469,1470,1470,21,13
1470,1471,1471,13,13
1471,1472,1472,13,13
1472,1473,1473,13,13
1473,1474,1474,13,13
1474,1475,1475,1,13
1475,1476,1476,6,13
1476,1477,1477,13,13
1477,1478,1478,13,13
1478,1479,1479,13,13
1479,1480,1480,13,13
1480,1481,1481,13,13
1481,1482,1482,3,13
1482,1483,1483,13,13
1483,1484,1484,4,13
1484,1485,1485,14,14
1485,1486,1486,14,14
1486,1487,1487,14,14
1487,1488,1488,14,14
1488,1489,1489,14,14
1489,1490,1490,14,14
1490,1491,1491,14,14
1491,1492,1492,14,14
1492,1493,1493,14,14
1493,1494,1494,14,14
1494,1495,1495,14,14
1495,1496,1496,14,14
1496,1497,1497,14,14
1497,1498,1498,14,14
1498,1499,1499,14,14
1499,1500,1500,14,14
1500,1501,1501,14,14
1501,1502,1502,14,14
1502,1503,1503,14,14
1503,1504,1504,14,14
1504,1505,1505,14,14
1505,1506,1506,14,14
1506,1507,1507,15,14
1507,1508,1508,14,14
1508,1509,1509,14,14
1509,1510,1510,14,14
1510,1511,1511,14,14
1511,1512,1512,14,14
1512,1513,1513,14,14
1513,1514,1514,14,14
1514,1515,1515,14,14
1515,1516,1516,14,14
1516,1517,1517,14,14
1517,1518,1518,14,14
1518,1519,1519,15,14
1519,1520,1520,14,14
1520,1521,1521,14,14
1521,1522,1522,14,14
1522,1523,1523,14,14
1523,1524,1524,14,14
1524,1525,1525,14,14
1525,1526,1526,14,14
1526,1527,1527,7,14
1527,1528,1528,14,14
1528,1529,1529,14,14
1529,1530,1530,14,14
1530,1531,1531,14,14
1531,1532,1532,14,14
1532,1533,1533,14,14
1533,1534,1534,14,14
1534,1535,1535,14,14
1535,1536,1536,14,14
1536,1537,1537,14,14
1537,1538,1538,14,14
1538,1539,1539,14,14
1539,1540,1540,15,14
1540,1541,1541,14,14
1541,1542,1542,14,14
1542,1543,1543,14,14
1543,1544,1544,17,14
1544,1545,1545,14,14
1545,1546,1546,14,14
1546,1547,1547,14,14
1547,1548,1548,14,14
1548,1549,1549,14,14
1549,1550,1550,14,14
1550,1551,1551,14,14
1551,1552,1552,14,14
1552,1553,1553,14,14
1553,1554,1554,14,14
1554,1555,1555,14,14
1555,1556,1556,14,14
1556,1557,1557,14,14
1557,1558,1558,14,14
1558,1559,1559,14,14
1559,1560,1560,15,14
1560,1561,1561,15,14
1561,1562,1562,14,14
1562,1563,1563,14,14
1563,1564,1564,14,14
1564,1565,1565,14,14
1565,1566,1566,14,14
1566,1567,1567,14,14
1567,1568,1568,14,14
1568,1569,1569,18,14
1569,1570,1570,7,14
1570,1571,1571,14,14
1571,1572,1572,14,14
1572,1573,1573,14,14
1573,1574,1574,14,14
1574,1575,1575,14,14
1575,1576,1576,14,14
1576,1577,1577,14,14
1577,1578,1578,14,14
1578,1579,1579,14,14
1579,1580,1580,15,14
1580,1581,1581,14,14
1581,1582,1582,14,14
1582,1583,1583,14,14
1583,1584,1584,2,14
1584,1585,1585,14,14
1585,1586,1586,14,14
1586,1587,1587,14,14
1587,1588,1588,14,14
1588,1589,1589,14,14
1589,1590,1590,15,14
1590,1591,1591,14,14
1591,1592,1592,22,14
1592,1593,1593,14,14
1593,1594,1594,14,14
1594,1595,1595,21,14
1595,1596,1596,6,14
1596,1597,1597,7,14
1597,1598,1598,14,14
1598,1599,1599,14,14
1599,1600,1600,14,14
1600,1601,1601,19,14
1601,1602,1602,14,14
1602,1603,1603,14,14
1603,1604,1604,15,14
1604,1605,1605,14,14
1605,1606,1606,19,14
1606,1607,1607,5,15
1607,1608,1608,15,15
1608,1609,1609,15,15
1609,1610,1610,17,15
1610,1611,1611,15,15
1611,1612,1612,15,15
1612,1613,1613,15,15
1613,1614,1614,15,15
1614,1615,1615,15,15
1615,1616,1616,15,15
1616,1617,1617,15,15
1617,1618,1618,14,15
1618,1619,1619,15,15
1619,1620,1620,15,15
1620,1621,1621,15,15
1621,1622,1622,17,15
1622,1623,1623,15,15
1623,1624,1624,15,15
1624,1625,1625,15,15
1625,1626,1626,14,15
1626,1627,1627,15,15
1627,1628,1628,15,15
1628,1629,1629,14,15
1629,1630,1630,15,15
1630,1631,1631,15,15
1631,1632,1632,14,15
1632,1633,1633,15,15
1633,1634,1634,15,15
1634,1635,1635,15,15
1635,1636,1636,15,15
1636,1637,1637,21,15
1637,1638,1638,14,15
1638,1639,1639,15,15
1639,1640,1640,15,15
1640,1641,1641,14,15
1641,1642,1642,15,15
1642,1643,1643,15,15
1643,1644,1644,15,15
1644,1645,1645,15,15
1645,1646,1646,5,15
1646,1647,1647,15,15
1647,1648,1648,15,15
1648,1649,1649,15,15
1649,1650,1650,15,15
1650,1651,1651,15,15
1651,1652,1652,19,15
1652,1653,1653,15,15
1653,1654,1654,14,15
1654,1655,1655,14,15
1655,1656,1656,21,15
1656,1657,1657,15,15
1657,1658,1658,15,15
1658,1659,1659,15,15
1659,1660,1660,15,15
1660,1661,1661,15,15
1661,1662,1662,15,15
1662,1663,1663,15,15
1663,1664,1664,15,15
1664,1665,1665,15,15
1665,1666,1666,15,15
1666,1667,1667,15,15
1667,1668,1668,21,15
1668,1669,1669,15,15
1669,1670,1670,15,15
1670,1671,1671,15,15
1671,1672,1672,15,15
1672,1673,1673,15,15
1673,1674,1674,15,15
1674,1675,1675,15,15
1675,1676,1676,15,15
1676,1677,1677,19,15
1677,1678,1678,9,15
1678,1679,1679,15,15
1679,1680,1680,15,15
1680,1681,1681,10,15
1681,1682,1682,15,15
1682,1683,1683,15,15
1683,1684,1684,15,15
1684,1685,1685,19,15
1685,1686,1686,15,15
1686,1687,1687,15,15
1687,1688,1688,14,15
1688,1689,1689,15,15
1689,1690,1690,15,15
1690,1691,1691,19,15
1691,1692,1692,20,15
1692,1693,1693,15,15
1693,1694,1694,15,15
1694,1695,1695,15,15
1695,1696,1696,15,15
1696,1697,1697,16,15
1697,1698,1698,15,15
1698,1699,1699,15,15
1699,1700,1700,15,15
1700,1701,1701,4,15
1701,1702,1702,16,16
1702,1703,1703,16,16
1703,1704,1704,16,16
1704,1705,1705,16,16
1705,1706,1706,16,16
1706,1707,1707,16,16
1707,1708,1708,16,16
1708,1709,1709,16,16
1709,1710,1710,16,16
1710,1711,1711,16,16
1711,1712,1712,16,16
1712,1713,1713,16,16
1713,1714,1714,16,16
1714,1715,1715,16,16
1715,1716,1716,16,16
1716,1717,1717,16,16
1717,1718,1718,16,16
1718,1719,1719,16,16
1719,1720,1720,16,16
1720,1721,1721,16,16
1721,1722,1722,3,16
1722,1723,1723,16,16
1723,1724,1724,16,16
1724,1725,1725,16,16
1725,1726,1726,16,16
1726,1727,1727,16,16
1727,1728,1728,16,16
1728,1729,1729,16,16
1729,1730,1730,16,16
1730,1731,1731,16,16
1731,1732,1732,16,16
1732,1733,1733,16,16
1733,1734,1734,16,16
1734,1735,1735,16,16
1735,1736,1736,2,16
1736,1737,1737,16,16
1737,1738,1738,16,16
1738,1739,1739,16,16
1739,1740,1740,1,16
1740,1741,1741,16,16
1741,1742,1742,16,16
1742,1743,1743,7,16
1743,1744,1744,16,16
1744,1745,1745,16,16
1745,1746,1746,16,16
1746,1747,1747,16,16
1747,1748,1748,16,16
1748,1749,1749,16,16
1749,1750,1750,16,16
1750,1751,1751,16,16
1751,1752,1752,16,16
1752,1753,1753,16,16
1753,1754,1754,16,16
1754,1755,1755,16,16
1755,1756,1756,16,16
1756,1757,1757,16,16
1757,1758,1758,16,16
1758,1759,1759,16,16
1759,1760,1760,16,16
1760,1761,1761,22,16
1761,1762,1762,4,16
1762,1763,1763,16,16
1763,1764,1764,16,16
1764,1765,1765,16,16
1765,1766,1766,16,16
1766,1767,1767,17,16
1767,1768,1768,16,16
1768,1769,1769,12,16
1769,1770,1770,16,16
1770,1771,1771,4,16
1771,1772,1772,16,16
1772,1773,1773,16,16
1773,1774,1774,16,16
1774,1775,1775,16,16
1775,1776,1776,16,16
1776,1777,1777,16,16
1777,1778,1778,16,16
1778,1779,1779,16,16
1779,1780,1780,3,16
1780,1781,1781,16,16
1781,1782,1782,16,16
1782,1783,1783,16,16
1783,1784,1784,16,16
1784,1785,1785,16,16
1785,1786,1786,6,16
1786,1787,1787,16,16
1787,1788,1788,10,16
1788,1789,1789,16,16
1789,1790,1790,16,16
1790,1791,1791,16,16
1791,1792,1792,16,16
1792,1793,1793,16,16
1793,1794,1794,1,16
1794,1795,1795,16,16
1795,1796,1796,16,16
1796,1797,1797,16,16
1797,1798,1798,16,16
1798,1799,1799,16,16
1799,1800,1800,16,16
1800,1801,1801,6,16
1801,1802,1802,16,16
1802,1803,1803,16,16
1803,1804,1804,16,16
1804,1805,1805,16,16
1805,1806,1806,11,16
1806,1807,1807,14,16
1807,1808,1808,16,16
1808,1809,1809,16,16
1809,1810,1810,10,16
1810,1811,1811,16,16
1811,1812,1812,16,16
1812,1813,1813,16,16
1813,1814,1814,16,16
1814,1815,1815,18,17
1815,1816,1816,17,17
1816,1817,1817,17,17
1817,1818,1818,17,17
1818,1819,1819,17,17
1819,1820,1820,17,17
1820,1821,1821,17,17
1821,1822,1822,17,17
1822,1823,1823,17,17
1823,1824,1824,17,17
1824,1825,1825,17,17
1825,1826,1826,17,17
1826,1827,1827,17,17
1827,1828,1828,18,17
1828,1829,1829,17,17
1829,1830,1830,17,17
1830,1831,1831,17,17
1831,1832,1832,17,17
1832,1833,1833,17,17
1833,1834,1834,17,17
1834,1835,1835,17,17
1835,1836,1836,17,17
1836,1837,1837,17,17
1837,1838,1838,17,17
1838,1839,1839,17,17
1839,1840,1840,17,17
1840,1841,1841,17,17
1841,1842,1842,17,17
1842,1843,1843,8,17
1843,1844,1844,17,17
1844,1845,1845,17,17
1845,1846,1846,17,17
1846,1847,1847,17,17
1847,1848,1848,17,17
1848,1849,1849,8,17
1849,1850,1850,17,17
1850,1851,1851,17,17
1851,1852,1852,18,17
1852,1853,1853,18,17
1853,1854,1854,17,17
1854,1855,1855,17,17
1855,1856,1856,17,17
1856,1857,1857,17,17
1857,1858,1858,17,17
1858,1859,1859,17,17
1859,1860,1860,17,17
1860,1861,1861,7,17
1861,1862,1862,8,17
1862,1863,1863,17,17
1863,1864,1864,17,17
1864,1865,1865,17,17
1865,1866,1866,17,17
1866,1867,1867,17,17
1867,1868,1868,17,17
1868,1869,1869,17,17
1869,1870,1870,17,17
1870,1871,1871,17,17
1871,1872,1872,17,17
1872,1873,1873,17,17
1873,1874,1874,19,17
1874,1875,1875,17,17
1875,1876,1876,17,17
1876,1877,1877,14,17
1877,1878,1878,17,17
1878,1879,1879,18,17
1879,1880,1880,17,17
1880,1881,1881,8,17
1881,1882,1882,7,17
1882,1883,1883,17,17
1883,1884,1884,19,17
1884,1885,1885,18,17
1885,1886,1886,17,17
1886,1887,1887,17,17
1887,1888,1888,17,17
1888,1889,1889,17,17
1889,1890,1890,17,17
1890,1891,1891,14,17
1891,1892,1892,5,17
1892,1893,1893,17,17
1893,1894,1894,17,17
1894,1895,1895,17,17
1895,1896,1896,5,17
1896,1897,1897,17,17
1897,1898,1898,17,17
1898,1899,1899,17,17
1899,1900,1900,17,17
1900,1901,1901,17,17
1901,1902,1902,14,17
1902,1903,1903,17,17
1903,1904,1904,14,17
1904,1905,1905,21,17
1905,1906,1906,19,17
1906,1907,1907,17,17
1907,1908,1908,17,17
1908,1909,1909,17,17
1909,1910,1910,17,17
1910,1911,1911,17,17
1911,1912,1912,17,17
1912,1913,1913,15,17
1913,1914,1914,17,17
1914,1915,1915,17,17
1915,1916,1916,18,17
1916,1917,1917,17,17
1917,1918,1918,17,17
1918,1919,1919,22,17
1919,1920,1920,17,17
1920,1921,1921,21,17
1921,1922,1922,17,17
1922,1923,1923,16,17
1923,1924,1924,17,17
1924,1925,1925,17,17
1925,1926,1926,7,17
1926,1927,1927,14,17
1927,1928,1928,17,17
1928,1929,1929,17,17
1929,1930,1930,17,17
1930,1931,1931,5,17
1931,1932,1932,17,17
1932,1933,1933,17,17
1933,1934,1934,17,17
1934,1935,1935,17,17
1935,1936,1936,17,17
1936,1937,1937,17,17
1937,1938,1938,17,17
1938,1939,1939,17,17
1939,1940,1940,17,17
1940,1941,1941,19,17
1941,1942,1942,18,18
1942,1943,1943,18,18
1943,1944,1944,18,18
1944,1945,1945,18,18
1945,1946,1946,18,18
1946,1947,1947,18,18
1947,1948,1948,18,18
1948,1949,1949,17,18
1949,1950,1950,18,18
1950,1951,1951,18,18
1951,1952,1952,18,18
1952,1953,1953,18,18
1953,1954,1954,18,18
1954,1955,1955,18,18
1955,1956,1956,18,18
1956,1957,1957,17,18
1957,1958,1958,18,18
1958,1959,1959,18,18
1959,1960,1960,18,18
1960,1961,1961,18,18
1961,1962,1962,21,18
1962,1963,1963,18,18
1963,1964,1964,18,18
1964,1965,1965,18,18
1965,1966,1966,18,18
1966,1967,1967,18,18
1967,1968,1968,18,18
1968,1969,1969,18,18
1969,1970,1970,18,18
1970,1971,1971,18,18
1971,1972,1972,14,18
1972,1973,1973,18,18
1973,1974,1974,17,18
1974,1975,1975,18,18
1975,1976,1976,7,18
1976,1977,1977,5,18
1977,1978,1978,18,18
1978,1979,1979,18,18
1979,1980,1980,18,18
1980,1981,1981,17,18
1981,1982,1982,17,18
1982,1983,1983,18,18
1983,1984,1984,18,18
1984,1985,1985,17,18
1985,1986,1986,18,18
1986,1987,1987,18,18
1987,1988,1988,19,18
1988,1989,1989,18,18
1989,1990,1990,18,18
1990,1991,1991,18,18
1991,1992,1992,18,18
1992,1993,1993,18,18
1993,1994,1994,18,18
1994,1995,1995,17,18
1995,1996,1996,3,18
1996,1997,1997,18,18
1997,1998,1998,18,18
1998,1999,1999,17,18
1999,2000,2000,20,18
2000,2001,2001,18,18
2001,2002,2002,19,18
2002,2003,2003,18,18
2003,2004,2004,18,18
2004,2005,2005,19,18
2005,2006,2006,18,18
2006,2007,2007,18,18
2007,2008,2008,18,18
2008,2009,2009,17,18
2009,2010,2010,18,18
2010,2011,2011,19,18
2011,2012,2012,17,18
2012,2013,2013,14,18
2013,2014,2014,18,18
2014,2015,2015,19,18
2015,2016,2016,18,18
2016,2017,2017,1,18
2017,2018,2018,18,18
2018,2019,2019,10,18
2019,2020,2020,3,18
2020,2021,2021,14,18
2021,2022,2022,18,18
2022,2023,2023,18,18
2023,2024,2024,18,18
2024,2025,2025,15,18
2025,2026,2026,18,18
2026,2027,2027,5,18
2027,2028,2028,16,18
2028,2029,2029,18,18
2029,2030,2030,14,18
2030,2031,2031,18,18
2031,2032,2032,18,18
2032,2033,2033,18,18
2033,2034,2034,17,18
2034,2035,2035,18,18
2035,2036,2036,18,18
2036,2037,2037,21,18
2037,2038,2038,18,18
2038,2039,2039,19,18
2039,2040,2040,5,18
2040,2041,2041,14,18
2041,2042,2042,18,18
2042,2043,2043,18,18
2043,2044,2044,17,18
2044,2045,2045,18,18
2045,2046,2046,18,18
2046,2047,2047,18,18
2047,2048,2048,19,19
2048,2049,2049,19,19
2049,2050,2050,19,19
2050,2051,2051,19,19
2051,2052,2052,19,19
2052,2053,2053,19,19
2053,2054,2054,19,19
2054,2055,2055,19,19
2055,2056,2056,20,19
2056,2057,2057,19,19
2057,2058,2058,5,19
2058,2059,2059,19,19
2059,2060,2060,20,19
2060,2061,2061,21,19
2061,2062,2062,14,19
2062,2063,2063,18,19
2063,2064,2064,19,19
2064,2065,2065,19,19
2065,2066,2066,21,19
2066,2067,2067,19,19
2067,2068,2068,15,19
2068,2069,2069,15,19
2069,2070,2070,19,19
2070,2071,2071,21,19
2071,2072,2072,19,19
2072,2073,2073,19,19
2073,2074,2074,19,19
2074,2075,2075,15,19
2075,2076,2076,19,19
2076,2077,2077,19,19
2077,2078,2078,19,19
2078,2079,2079,19,19
2079,2080,2080,17,19
2080,2081,2081,14,19
2081,2082,2082,19,19
2082,2083,2083,19,19
2083,2084,2084,21,19
2084,2085,2085,8,19
2085,2086,2086,17,19
2086,2087,2087,19,19
2087,2088,2088,19,19
2088,2089,2089,19,19
2089,2090,2090,19,19
2090,2091,2091,18,19
2091,2092,2092,19,19
2092,2093,2093,19,19
2093,2094,2094,20,19
2094,2095,2095,19,19
2095,2096,2096,7,19
2096,2097,2097,19,19
2097,2098,2098,19,19
2098,2099,2099,19,19
2099,2100,2100,21,19
2100,2101,2101,19,19
2101,2102,2102,19,19
2102,2103,2103,19,19
2103,2104,2104,19,19
2104,2105,2105,19,19
2105,2106,2106,19,19
2106,2107,2107,19,19
2107,2108,2108,19,19
2108,2109,2109,15,19
2109,2110,2110,19,19
2110,2111,2111,17,19
2111,2112,2112,19,19
2112,2113,2113,19,19
2113,2114,2114,17,19
2114,2115,2115,20,19
2115,2116,2116,20,19
2116,2117,2117,19,19
2117,2118,2118,19,19
2118,2119,2119,19,19
2119,2120,2120,10,19
2120,2121,2121,16,19
2121,2122,2122,19,19
2122,2123,2123,14,19
2123,2124,2124,15,19
2124,2125,2125,19,19
2125,2126,2126,19,19
2126,2127,2127,21,19
2127,2128,2128,19,19
2128,2129,2129,19,19
2129,2130,2130,19,19
2130,2131,2131,19,19
2131,2132,2132,19,19
2132,2133,2133,20,19
2133,2134,2134,3,19
2134,2135,2135,19,19
2135,2136,2136,3,19
2136,2137,2137,5,19
2137,2138,2138,5,19
2138,2139,2139,19,19
2139,2140,2140,19,19
2140,2141,2141,19,19
2141,2142,2142,19,19
2142,2143,2143,19,19
2143,2144,2144,19,19
2144,2145,2145,19,19
2145,2146,2146,1,19
2146,2147,2147,19,19
2147,2148,2148,19,19
2148,2149,2149,21,19
2149,2150,2150,19,19
2150,2151,2151,19,19
2151,2152,2152,19,19
2152,2153,2153,7,19
2153,2154,2154,19,19
2154,2155,2155,19,19
2155,2156,2156,19,19
2156,2157,2157,13,19
2157,2158,2158,19,19
2158,2159,2159,20,20
2159,2160,2160,20,20
2160,2161,2161,20,20
2161,2162,2162,20,20
2162,2163,2163,20,20
2163,2164,2164,20,20
2164,2165,2165,20,20
2165,2166,2166,20,20
2166,2167,2167,20,20
2167,2168,2168,20,20
2168,2169,2169,20,20
2169,2170,2170,20,20
2170,2171,2171,20,20
2171,2172,2172,20,20
2172,2173,2173,20,20
2173,2174,2174,16,20
2174,2175,2175,20,20
2175,2176,2176,17,20
2176,2177,2177,20,20
2177,2178,2178,17,20
2178,2179,2179,20,20
2179,2180,2180,8,20
2180,2181,2181,21,20
2181,2182,2182,20,20
2182,2183,2183,17,20
2183,2184,2184,14,20
2184,2185,2185,20,20
2185,2186,2186,17,20
2186,2187,2187,20,20
2187,2188,2188,20,20
2188,2189,2189,20,20
2189,2190,2190,22,20
2190,2191,2191,17,20
2191,2192,2192,20,20
2192,2193,2193,21,20
2193,2194,2194,8,20
2194,2195,2195,20,20
2195,2196,2196,7,20
2196,2197,2197,20,20
2197,2198,2198,12,20
2198,2199,2199,20,20
2199,2200,2200,20,20
2200,2201,2201,20,20
2201,2202,2202,21,20
2202,2203,2203,20,20
2203,2204,2204,19,20
2204,2205,2205,20,20
2205,2206,2206,22,20
2206,2207,2207,22,20
2207,2208,2208,20,20
2208,2209,2209,19,20
2209,2210,2210,20,20
2210,2211,2211,20,20
2211,2212,2212,20,20
2212,2213,2213,20,20
2213,2214,2214,20,20
2214,2215,2215,19,20
2215,2216,2216,14,20
2216,2217,2217,20,20
2217,2218,2218,20,20
2218,2219,2219,20,20
2219,2220,2220,20,20
2220,2221,2221,15,20
2221,2222,2222,21,20
2222,2223,2223,20,20
2223,2224,2224,17,20
2224,2225,2225,20,20
2225,2226,2226,7,20
2226,2227,2227,21,20
2227,2228,2228,13,20
2228,2229,2229,20,20
2229,2230,2230,17,20
2230,2231,2231,20,20
2231,2232,2232,20,20
2232,2233,2233,17,20
2233,2234,2234,11,20
2234,2235,2235,8,20
2235,2236,2236,20,20
2236,2237,2237,20,20
2237,2238,2238,21,20
2238,2239,2239,20,20
2239,2240,2240,20,20
2240,2241,2241,20,20
2241,2242,2242,19,20
2242,2243,2243,19,20
2243,2244,2244,19,20
2244,2245,2245,19,20
2245,2246,2246,21,20
2246,2247,2247,9,20
2247,2248,2248,19,20
2248,2249,2249,20,20
2249,2250,2250,20,20
2250,2251,2251,21,20
2251,2252,2252,20,20
2252,2253,2253,20,20
2253,2254,2254,19,20
2254,2255,2255,20,20
2255,2256,2256,20,20
2256,2257,2257,20,20
2257,2258,2258,9,20
2258,2259,2259,9,20
2259,2260,2260,17,20
2260,2261,2261,20,20
2261,2262,2262,20,20
2262,2263,2263,20,20
2263,2264,2264,20,20
2264,2265,2265,10,20
2265,2266,2266,6,20
2266,2267,2267,20,20
2267,2268,2268,20,20
2268,2269,2269,20,20
2269,2270,2270,20,20
2270,2271,2271,20,20
2271,2272,2272,21,20
2272,2273,2273,20,20
2273,2274,2274,21,21
2274,2275,2275,21,21
2275,2276,2276,21,21
2276,2277,2277,21,21
2277,2278,2278,17,21
2278,2279,2279,21,21
2279,2280,2280,21,21
2280,2281,2281,21,21
2281,2282,2282,21,21
2282,2283,2283,21,21
2283,2284,2284,21,21
2284,2285,2285,21,21
2285,2286,2286,21,21
2286,2287,2287,21,21
2287,2288,2288,21,21
2288,2289,2289,20,21
2289,2290,2290,9,21
2290,2291,2291,21,21
2291,2292,2292,20,21
2292,2293,2293,21,21
2293,2294,2294,21,21
2294,2295,2295,21,21
2295,2296,2296,21,21
2296,2297,2297,21,21
2297,2298,2298,21,21
2298,2299,2299,17,21
2299,2300,2300,15,21
2300,2301,2301,21,21
2301,2302,2302,21,21
2302,2303,2303,20,21
2303,2304,2304,21,21
2304,2305,2305,21,21
2305,2306,2306,21,21
2306,2307,2307,10,21
2307,2308,2308,21,21
2308,2309,2309,21,21
2309,2310,2310,21,21
2310,2311,2311,21,21
2311,2312,2312,21,21
2312,2313,2313,20,21
2313,2314,2314,15,21
2314,2315,2315,21,21
2315,2316,2316,21,21
2316,2317,2317,21,21
2317,2318,2318,21,21
2318,2319,2319,14,21
2319,2320,2320,21,21
2320,2321,2321,2,21
2321,2322,2322,5,21
2322,2323,2323,21,21
2323,2324,2324,14,21
2324,2325,2325,21,21
2325,2326,2326,21,21
2326,2327,2327,21,21
2327,2328,2328,21,21
2328,2329,2329,14,21
2329,2330,2330,21,21
2330,2331,2331,21,21
2331,2332,2332,21,21
2332,2333,2333,21,21
2333,2334,2334,21,21
2334,2335,2335,7,21
2335,2336,2336,7,21
2336,2337,2337,21,21
2337,2338,2338,21,21
2338,2339,2339,7,21
2339,2340,2340,21,21
2340,2341,2341,19,21
2341,2342,2342,21,21
2342,2343,2343,21,21
2343,2344,2344,21,21
2344,2345,2345,21,21
2345,2346,2346,21,21
2346,2347,2347,21,21
2347,2348,2348,21,21
2348,2349,2349,21,21
2349,2350,2350,17,21
2350,2351,2351,20,21
2351,2352,2352,21,21
2352,2353,2353,21,21
2353,2354,2354,10,21
2354,2355,2355,21,21
2355,2356,2356,21,21
2356,2357,2357,21,21
2357,2358,2358,21,21
2358,2359,2359,22,21
2359,2360,2360,14,21
2360,2361,2361,21,21
2361,2362,2362,21,21
2362,2363,2363,21,21
2363,2364,2364,21,21
2364,2365,2365,21,21
2365,2366,2366,21,21
2366,2367,2367,21,21
2367,2368,2368,14,21
2368,2369,2369,21,21
2369,2370,2370,21,21
2370,2371,2371,21,21
2371,2372,2372,21,21
2372,2373,2373,22,21
2373,2374,2374,21,21
2374,2375,2375,14,21
2375,2376,2376,21,21
2376,2377,2377,21,21
2377,2378,2378,21,21
2378,2379,2379,21,21
2379,2380,2380,2,21
2380,2381,2381,19,21
2381,2382,2382,14,21
2382,2383,2383,21,21
2383,2384,2384,21,21
2384,2385,2385,21,21
2385,2386,2386,21,21
2386,2387,2387,19,21
2387,2388,2388,15,21
2388,2389,2389,21,21
2389,2390,2390,21,21
2390,2391,2391,19,22
2391,2392,2392,20,22
2392,2393,2393,16,22
2393,2394,2394,20,22
2394,2395,2395,19,22
2395,2396,2396,15,22
2396,2397,2397,20,22
2397,2398,2398,22,22
2398,2399,2399,22,22
2399,2400,2400,17,22
2400,2401,2401,3,22
2401,2402,2402,19,22
2402,2403,2403,22,22
2403,2404,2404,20,22
2404,2405,2405,22,22
2405,2406,2406,22,22
2406,2407,2407,22,22
2407,2408,2408,22,22
2408,2409,2409,21,22
2409,2410,2410,22,22
2410,2411,2411,22,22
2411,2412,2412,9,22
2412,2413,2413,22,22
2413,2414,2414,3,22
2414,2415,2415,19,22
2415,2416,2416,19,22
2416,2417,2417,3,22
2417,2418,2418,20,22
2418,2419,2419,21,22
2419,2420,2420,21,22
2420,2421,2421,22,22
2421,2422,2422,21,22
2422,2423,2423,22,22
2423,2424,2424,22,22
2424,2425,2425,22,22
2425,2426,2426,4,22
2426,2427,2427,22,22
2427,2428,2428,22,22
2428,2429,2429,21,22
2429,2430,2430,12,22
2430,2431,2431,20,22
2431,2432,2432,20,22
2432,2433,2433,22,22
2433,2434,2434,22,22
2434,2435,2435,19,22
2435,2436,2436,22,22
2436,2437,2437,3,22
2437,2438,2438,22,22
2438,2439,2439,22,22
2439,2440,2440,3,22
2440,2441,2441,16,22
2441,2442,2442,20,22
2442,2443,2443,22,22
2443,2444,2444,22,22
2444,2445,2445,22,22
2445,2446,2446,10,22
2446,2447,2447,22,22
2447,2448,2448,22,22
2448,2449,2449,22,22
2449,2450,2450,20,22
2450,2451,2451,10,22
2451,2452,2452,22,22
2452,2453,2453,22,22
2453,2454,2454,22,22
2454,2455,2455,22,22
2455,2456,2456,22,22
2456,2457,2457,3,22
2457,2458,2458,22,22
2458,2459,2459,22,22
2459,2460,2460,10,22
2460,2461,2461,22,22
2461,2462,2462,12,22
2462,2463,2463,22,22
2463,2464,2464,16,22
2464,2465,2465,22,22
2465,2466,2466,11,22
2466,2467,2467,21,22
2467,2468,2468,22,22
2468,2469,2469,12,22
2469,2470,2470,22,22
2470,2471,2471,13,22
2471,2472,2472,12,22
2472,2473,2473,13,22
2473,2474,2474,13,22
2474,2475,2475,21,22
2475,2476,2476,22,22
2476,2477,2477,3,22
2477,2478,2478,11,22
2478,2479,2479,4,22
2479,2480,2480,10,22
2480,2481,2481,10,22
2481,2482,2482,22,22
2482,2483,2483,19,22
2483,2484,2484,3,22
2484,2485,2485,22,22
2485,2486,2486,22,22
2486,2487,2487,22,22
2487,2488,2488,10,22
2488,2489,2489,7,22
2489,2490,2490,22,22
2490,2491,2491,19,22
2491,2492,2492,22,22
2492,2493,2493,22,22
2493,2494,2494,3,22
2494,2495,2495,3,22
2495,2496,2496,19,22
2496,2497,2497,22,22
2497,2498,2498,22,22
2498,2499,2499,22,22
2499,2500,2500,22,22
